,X,Y,OBJECTID,ABCDMisc,ADSPermissionState,CalculatedAcres,ContainmentDateTime,ControlDateTime,CreatedOnDateTime,DailyAcres,DiscoveryAcres,DispatchCenterID,FinalFireReportApprovedByTitle,FinalFireReportApprovedByUnit,FinalFireReportApprovedDate,FireBehaviorGeneral,FireBehaviorGeneral1,FireBehaviorGeneral2,FireBehaviorGeneral3,FireCause,FireCauseGeneral,FireCauseSpecific,FireCode,FireDepartmentID,FireDiscoveryDateTime,FireMgmtComplexity,FireOutDateTime,FireStrategyConfinePercent,FireStrategyFullSuppPercent,FireStrategyMonitorPercent,FireStrategyPointZonePercent,FSJobCode,FSOverrideCode,GACC,ICS209ReportDateTime,ICS209ReportForTimePeriodFrom,ICS209ReportForTimePeriodTo,ICS209ReportStatus,IncidentManagementOrganization,IncidentName,IncidentShortDescription,IncidentTypeCategory,IncidentTypeKind,InitialLatitude,InitialLongitude,InitialResponseAcres,InitialResponseDateTime,IrwinID,IsFireCauseInvestigated,IsFireCodeRequested,IsFSAssisted,IsMultiJurisdictional,IsQuarantined,IsReimbursable,IsTrespass,IsUnifiedCommand,IsValid,LocalIncidentIdentifier,ModifiedOnDateTime,PercentContained,PercentPerimeterToBeContained,POOCity,POOCounty,POODispatchCenterID,POOFips,POOJurisdictionalAgency,POOJurisdictionalUnit,POOJurisdictionalUnitParentUnit,POOLandownerCategory,POOLandownerKind,POOLegalDescPrincipalMeridian,POOLegalDescQtr,POOLegalDescQtrQtr,POOLegalDescRange,POOLegalDescSection,POOLegalDescTownship,POOPredictiveServiceAreaID,POOProtectingAgency,POOProtectingUnit,POOState,PredominantFuelGroup,PredominantFuelModel,PrimaryFuelModel,SecondaryFuelModel,TotalIncidentPersonnel,UniqueFireIdentifier,WFDSSDecisionStatus,CreatedBySystem,ModifiedBySystem,CreatedOn,ModifiedOn,IsDispatchComplete,OrganizationalAssessment,StrategicDecisionPublishDate,GlobalID,ModifiedOnDateTime_dt,CreatedOnDateTime_dt
0,-123.4862,42.466840000000005,105350,,DEFAULT,,,,1534984535180,0.1,0.1,ORRVC,,,,,,,,Unknown,,,L3YH,,2018/08/23 00:30:59,,,,,,,,,NWCC,,,,,,Ferry Road 1305,,WF,FI,42.466833,-123.486667,0.1,,{FC4D8590-835A-43F7-BB3D-DA28444F881F},,0,0.0,0.0,0,0.0,0.0,,1,000554,1611761320900,,,,Josephine,ORRVIC,41033,BLM,ORMED,,BLM,Federal,,,,,,,NW04,BLM,ORMED,US-OR,,,,,,2018-ORMED-000554,No Decision,wildcad,wildcad,2018/08/23 00:35:35,2018/08/23 00:36:19,,,,{59FB6409-AF75-47DB-943D-D0341C7F2341},2021/01/27 15:28:40,2018/08/23 00:35:35
1,-123.2987,42.50965,106200,,DEFAULT,,,,1535820171127,0.1,0.1,ORRVC,,,,,,,,Human,,,L4C7,,2018/09/01 14:29:59,,,,,,,,,NWCC,,,,,,Winona Rd 210,,WF,FI,42.50965,-123.2987,,,{E943D499-A8B5-4932-B621-22EE12D75A83},,0,0.0,0.0,0,1.0,1.0,,1,000577,1611694551520,,,,Josephine,ORRVIC,41033,BLM,ORMED,,BLM,Federal,,,,,,,NW04,BLM,ORMED,US-OR,,,,,,2018-ORMED-000577,No Decision,wildcad,wildcad,2018/09/01 16:42:51,2018/09/01 16:44:48,,,,{DAD80195-A9C4-48E8-BD11-EBF50848D3F0},2021/01/26 20:55:51,2018/09/01 16:42:51
2,-123.508,42.30399,106642,,DEFAULT,,,,1536194004463,0.5,0.5,ORRVC,,,,,,,,Unknown,,,L4MW,,2018/09/05 21:39:00,,,,,,,,,NWCC,,,,,,Crooks Creek,,WF,FI,42.30863,-123.5127,,,{19C8241D-9864-46BB-A562-E7E11DD7365E},,0,0.0,0.0,0,1.0,1.0,,1,000595,1611694600923,,,,Josephine,ORRVIC,41033,BLM,ORMED,,BLM,Federal,,,,,,,NW04,BLM,ORMED,US-OR,,,,,,2018-ORMED-000595,No Decision,wildcad,wildcad,2018/09/06 00:33:24,2018/09/06 00:34:13,,,,{79D561A8-34C5-4E02-9651-B8D59A6CF61D},2021/01/26 20:56:40,2018/09/06 00:33:24
3,-122.4509,42.1016,107166,,DEFAULT,,,,1536763933807,0.1,0.1,ORRVC,,,,,,,,Unknown,,,L4YK,,2018/09/12 14:50:00,,,,,,,,,NWCC,,,,,,Devils Gulch,,WF,FI,42.1016,-122.4509,,,{E081D54F-755E-489D-8FB5-BC0263987EF5},,0,0.0,0.0,0,1.0,1.0,,1,000603,1611694608580,,,,Jackson,ORRVIC,41029,DOF,OR711S,,,,,,,,,,NW04,BLM,ORMED,US-OR,,,,,,2018-ORMED-000603,No Decision,wildcad,wildcad,2018/09/12 14:52:13,2018/09/12 14:52:40,,,,{99FFA435-B3A2-43BC-8FE0-54D502787F3B},2021/01/26 20:56:48,2018/09/12 14:52:13
9,-124.0530556,41.8902778,154328,,DEFAULT,,,,1587069947073,,,CANCIC,,,,,,,,,,,,,2020/04/16 14:42:00,,,,,,,,,ONCC,,,,,,CA-NCIC-000001,,WF,FI,,,,,{029DEBB9-0076-424D-8494-D569C9E9D053},,0,,,0,,,,1,000001,1611730440370,,,,Del Norte,CAFICC,6015,FS,CASRF,,USFS,Federal,,,,,,,NC04,FS,CANCIC,US-CA,,,,,,2020-CANCIC-000001,No Decision,IROC,wfdss,,,,,,{AECF0A6C-7617-47A8-A9CA-3671D2C53BF9},2021/01/27 06:54:00,2020/04/16 20:45:47
10,-117.67399999999999,34.22612,165394,,DEFAULT,,,,1590863404450,0.1,0.1,CAANCC,,,,,,,,Human,Other Human Cause,Motor Vehicle,M5B4,,2020/05/30 04:04:00,,,,,,,,,OSCC,,,,,,SUNSET,,WF,FI,34.23605,-117.6599,,2020/05/30 04:05:00,{20858AD0-F87F-4F44-A108-AF5B8BE3D9C9},1.0,0,0.0,0.0,0,0.0,1.0,,1,001842,1611785776467,,,,Los Angeles,CAANCC,6037,FS,CAANF,,USFS,Federal,,,,,,,SC09,FS,CAANF,US-CA,Grass,GR1,,,,2020-CAANF-001842,No Decision,wildcad,INFORM_Inspector,,,,,,{75D7768F-7B97-45EA-BC9D-1C773E351991},2021/01/27 22:16:16,2020/05/30 18:30:04
11,-122.5198,42.53533,166204,,DEFAULT,,,,1591224155837,0.1,0.1,ORRVC,,,,,,,,Unknown,Other Human Cause,Motor Vehicle,M5Q4,,2020/06/03 18:08:00,,,,,,,,,NWCC,,,,,,Fish Lake Rd,,WF,FI,42.53533,-122.5198,,2020/06/03 18:10:00,{6F31A767-AD7A-40E4-AA19-BD7624FCE1CB},1.0,0,0.0,0.0,0,1.0,1.0,,1,000097,1611771189020,,,,Jackson,ORRVC,41029,BLM,ORMED,,BLM,Federal,,,,,,,NW04,BLM,ORMED,US-OR,Grass,GR1,,,,2020-ORMED-000097,No Decision,wildcad,wildcad,,,,,,{5DE153AA-EEE5-47B8-A3C2-7C278844B0A9},2021/01/27 18:13:09,2020/06/03 22:42:35
12,-121.17118799999999,38.474438,166523,,DEFAULT,,,,1591388468660,,0.1,CACICC,,,,,,,,Unknown,,,M5XM,,2020/06/05 20:21:03,,,,,,,,,ONCC,,,,,,DILLARD,,WF,FI,38.474438,-121.17118799999999,,,{1EFCE40C-F797-40DE-A176-9044BC5252F7},,0,,,0,,,,1,015778,1611786347443,,,,Sacramento,CAGVCC,6067,CDF,CAAEU,,Private,Private,,,,,,,NC05,,CAAEU,US-CA,,,,,,2020-CAAEU-015778,No Decision,cfcad,cfcad,,,,,,{77D9BC36-DBFC-409D-B3D6-B5425035874B},2021/01/27 22:25:47,2020/06/05 20:21:08
13,-108.3646,38.96183,172146,,DEFAULT,,,,1593915765890,0.1,0.1,COGJC,,,,,,,,Human,,Motor Vehicle,M8RM,,2020/07/02 20:26:00,,,,,,,PD,1502.0,RMCC,,,,,,7270 Road,,WF,FI,38.96183,-108.3646,0.1,2020/07/02 20:29:59,{86CC10BD-5DCD-4C1C-A133-E4AD8AB4E56F},1.0,0,1.0,0.0,0,0.0,0.0,,1,000197,1611683751820,,,,Mesa,COGJC,8077,BLM,COGRD,,BLM,Federal,,,,,,,RM26,BLM,COGRD,US-CO,Grass-Shrub,GS2,,,,2020-COGRD-000197,No Decision,wildcad,INFORM_Inspector,,,,,,{FE5C435E-55E2-4B8C-8871-8BC883AEF10B},2021/01/26 17:55:51,2020/07/05 02:22:45
14,-108.85354350799999,42.4676051860001,173141,,DEFAULT,,,,1594085284737,1.4,0.1,WYCPC,,,,,,,,Unknown,Cause and Origin Not Identified,,M80Z,,2020/07/07 00:33:59,,,,,,,PN,1502.0,RMCC,,,,,,DEAD OX,,WF,FI,42.53168,-109.085,,,{16A83DCA-3D23-45A8-AE71-183D52B5D10E},,0,1.0,0.0,0,0.0,0.0,,1,200280,1611756576280,,,,Fremont,WYCPC,56013,,,,Private,Private,,,,,,,RM11,C&L,WYFRX,US-WY,,,,,,2020-WYFRX-200280,No Decision,wildcad,INFORM_Inspector,,,,,,{9730B733-AC2C-44F7-A175-A677DEFA09E0},2021/01/27 14:09:36,2020/07/07 01:28:04
15,-109.0734,45.70086,173822,,DEFAULT,,,,1594417430460,244.0,50.0,MTBDC,,,,Minimal,,,,Unknown,Lightning,,M9B8,,2020/07/10 21:27:59,Type 4 Incident,,0.0,100.0,0.0,0.0,,1502.0,NRCC,2020/07/11 21:30:00,2020/07/10 21:30:00,2020/07/11 21:30:00,F,Type 4 IC,LE Peterson,"10 miles NE of Columbus, MT",WF,FI,45.70086,-109.0734,244.0,,{958BBDB8-4ABA-49E0-AACD-9BBEAE2EF7CB},,0,1.0,0.0,0,0.0,0.0,0.0,1,200219,1611591483250,100.0,100.0,,Stillwater,MTBDC,30095,DNRC,MTSOS,,State,Other,,,,,,,NR14,C&L,MTLG32,US-MT,,,Timber (Grass and Understory),,52.0,2020-MTLG32-200219,No Decision,wildcad,wildcad,,,,,,{50D7066C-9E02-45B5-83CA-D4039464B61E},2021/01/25 16:18:03,2020/07/10 21:43:50
16,-75.05411,41.027570000000004,174842,,DEFAULT,,,,1594834663030,0.1,0.1,PAMACC,,,,,,,,,,,M9TN,,2020/07/14 18:05:36,,,,,,,,,EACC,,,,,,SMITHFIELD FIRE,,WF,FI,,,,,{571D8546-0FAF-4684-BB2B-46480E0177A3},,0,,,0,,,,1,202007,1611690874547,,,,Monroe,PAMACC,42089,NPS,PADWP,,NPS,Federal,,,,,,,EA23,NPS,PADWP,US-PA,Timber,TL3,,,,2020-PADWP-202007,No Decision,INFORM_Inspector,INFORM_Inspector,,,,,,{0384A118-BC62-4E97-B67F-6C07EED10B30},2021/01/26 19:54:34,2020/07/15 17:37:43
17,-74.58,41.04,177798,,DEFAULT,,,,1596035435383,0.1,0.1,PAMACC,,,,,,,,Human,Other Human Cause,Motor Vehicle,NB5W,,2020/07/27 18:00:43,,,,,,,,,EACC,,,,,,HAMILTON TRUCK FIRE,,WF,FI,,,,,{38A10438-C3B0-429C-9E62-30089994D414},,0,,,0,,,,1,202008,1611690809120,,,,Sussex,PAMACC,34037,NPS,PADWP,,Private,Private,,,,,,,EA23,NPS,PADWP,US-NJ,,,,,,2020-PADWP-202008,No Decision,INFORM_Inspector,INFORM_Inspector,,,,,,{4048DEAB-39E7-4CF0-B2FA-1D8D6661B19A},2021/01/26 19:53:29,2020/07/29 15:10:35
18,-91.84504,47.20787,177858,,DEFAULT,,,,1596047460963,0.1,0.1,MNMNCC,,,,,,,,Unknown,Cause and Origin Not Identified,,,,2020/07/29 17:26:17,,,,,,,,,EACC,,,,,,Devine DNR,,WF,FI,47.20787,-91.84504,0.13,,{6E00628D-5A9B-4739-AD65-038DBB9D4256},,0,0.0,0.0,0,0.0,0.0,,1,000264,1611766147410,,,,St. Louis,MNMNCC,27137,,,,Private,Private,,,,,,,EA03,DNR,MNMNS,US-MN,,,,,,2020-MNMNS-000264,No Decision,wildcad,INFORM_Inspector,,,,,,{1A6FBFB3-9D0D-4800-BD25-3C075A145764},2021/01/27 16:49:07,2020/07/29 18:31:00
19,-68.21830346199991,44.299559081000005,178074,,DEFAULT,,,,1596133342520,0.1,,NHNEC,,,2020/12/31 14:00:50,,,,,Human,Camping,,,,2020/07/08 16:37:00,,,,,,,,,EACC,,,,,,Hunters Beach,,WF,FI,,,,,{7713E9E3-2E77-4753-A3B9-D5CD87619FA0},,0,,,0,,,,1,000031,1611842504500,,,,Hancock,NHNEC,23009,,,,NPS,Federal,,,,,,,,,ME ACP,US-ME,Slash,SB1,,,,2020-ME ACP-000031,No Decision,INFORM_Mobile,INFORM_Inspector,,,,,,{383E6E4F-63C3-4AE2-86DD-A88C0228D931},2021/01/28 14:01:44,2020/07/30 18:22:22
20,-117.8433,34.286570000000005,180057,,DEFAULT,,,,1596923776660,0.5,0.1,CAANCC,,,,,,,,Human,Other Human Cause,Motor Vehicle,ND48,,2020/08/08 21:49:59,,,,,,,,,OSCC,,,,,,SMITH ,,WF,FI,34.286570000000005,-117.8433,,2020/08/08 21:49:59,{86689B87-CB26-482A-829D-4FA520142B29},1.0,0,0.0,0.0,0,0.0,0.0,,1,003195,1611782273363,,,,Los Angeles,CAANCC,6037,FS,CAANF,,USFS,Federal,,,,,,,SC09,FS,CAANF,US-CA,Grass,GR2,,,,2020-CAANF-003195,No Decision,wildcad,INFORM_Inspector,,,,,,{7867F92E-61DE-4D56-BF88-257A4F6D0EE3},2021/01/27 21:17:53,2020/08/08 21:56:16
21,-124.05230490000001,44.2165546,181197,,DEFAULT,,,,1597370188227,,,OR78C,,,,,,,,,,,NE8T,,2020/08/14 00:14:59,,,,,,,PN,1502.0,NWCC,,,,,,Tenmile,,WF,FI,,,,,{2EE4D6FB-DE79-4D23-BACC-822A1E810212},,0,1.0,,0,,,,1,000023,1611698320393,,,,Lane,OREIC,41039,FS,ORSUF,,USFS,Federal,,,,,,,NW03,DOF,OR781S,US-OR,,,,,,2020-OR781S-000023,No Decision,IROC,INFORM_Inspector,,,,,,{3F3F28BA-BC75-4671-B054-28AF24835C59},2021/01/26 21:58:40,2020/08/14 01:56:28
22,-119.7269,44.17089,181540,,DEFAULT,,,,1597535378393,32.1,2.0,ORCOC,,,,,,,,Unknown,Cause and Origin Not Identified,,NFA8,,2020/08/15 22:54:00,,,,,,,PN,1502.0,NWCC,,,,,,0648 PR,,WF,FI,44.17089,-119.7269,,,{ADA403F7-2FB4-4641-B0B7-BB43D46A5DDB},,0,1.0,0.0,0,1.0,0.0,,1,000648,1611693812487,,,,Crook,ORCOC,41013,,,,Private,Private,,,,,,,NW06,C&L,ORRFPN,US-OR,,,,,,2020-ORRFPN-000648,No Decision,wildcad,INFORM_Inspector,,,,,,{2E873BA4-38E0-4E87-82D5-963DA0067611},2021/01/26 20:43:32,2020/08/15 23:49:38
23,-123.8787,44.02833,186579,,DEFAULT,,,,1598885792730,10.0,10.0,OREIC,,,,,,,,Unknown,,,,,2020/08/30 21:33:14,,,,,,,,,NWCC,,,,,,386 ODF,,WF,FI,43.97525,-123.9044,,,{D3D7CBC8-5B69-4EB5-8836-4BDB11E8F323},,0,0.0,0.0,0,0.0,0.0,,1,200386,1611688968313,,,,Lane,OREIC,41039,,,,Private,Private,,,,,,,NW03,DOF,OR781S,US-OR,,,,,,2020-OR781S-200386,No Decision,wildcad,wildcad,,,,,,{0F3B1069-C574-446A-9D25-252D2E9085D7},2021/01/26 19:22:48,2020/08/31 14:56:32
24,-122.70222220000001,42.2005556,188258,,DEFAULT,5716.6344,,,1599594430343,150.0,,OR71C,,,,Minimal,Smoldering,Creeping,Backing,Human,Other Human Cause,,NKS4,,2020/09/08 18:35:00,Type 2 Incident,,0.0,100.0,0.0,0.0,,,NWCC,2020/10/14 00:59:59,2020/10/13 12:59:59,2020/10/14 00:59:59,F,Type 2 Team,Almeda Drive,North Ashland I5 MP 19,WF,FI,,,,,{F45088F4-91BE-46E1-9567-164F8ADDB5AF},,0,1.0,0.0,0,0.0,0.0,0.0,1,025921,1611756710503,100.0,100.0,Medford,Jackson,ORRVC,41029,BLM,ORMED,,Private,Private,,,,,,,NW04,DOF,OR711S,US-OR,Grass,GR5,Tall Grass (2.5 feet),Brush (2 feet),31.0,2020-OR711S-025921,No Decision,IROC,INFORM_Inspector,,,,,,{20D0DC30-C4A2-44C8-AAEB-B76B12ABD3F7},2021/01/27 14:11:50,2020/09/08 19:47:10
25,-122.2151,46.06861,188728,,DEFAULT,,,,1599693769203,612.0,1.0,WAPCC,,,,,,,,Unknown,,,NL4F,,2020/09/08 15:01:59,,,,,,,P6,1502.0,NWCC,,,,,,BIG HOLLOW,,WF,FI,45.94763,-121.9743,,,{B609629C-FABF-43EF-A986-9E9E96C6FD0C},,0,1.0,1.0,0,0.0,0.0,,1,000242,1611183259493,,,,Skamania,WACCC,53059,FS,WAGPF,,USFS,Federal,,,,,,,NW02,DNR,WAPCS,US-WA,,,,,,2020-WAPCS-000242,No Decision,wildcad,wildcad,,,,,,{A976EC4A-D8AD-421C-AEBC-67C9FAB8A686},2021/01/20 22:54:19,2020/09/09 23:22:49
26,-115.2177,42.931490000000004,190294,,DEFAULT,,,,1600903133707,3.0,3.0,IDSCC,,,,,,,,Human,Other Human Cause,,NL7A,,2020/09/23 22:02:59,,,,,,,PN,1502.0,GBCC,,,,,,Rural Assist 4,,WF,FI,42.91525,-115.177,3.0,,{28004A95-4A1C-476E-AB8D-ED79F333688B},,0,1.0,0.0,0,0.0,0.0,,1,000359,1611602748620,,,,Elmore,IDSCC,16039,,,,Private,Private,,,,,,,GB06,C&L,IDELX,US-ID,Grass-Shrub,GS2,,,,2020-IDELX-000359,No Decision,wildcad,INFORM_Inspector,,,,,,{6B8B2BA6-F8A2-4D70-B751-397C7D3A1297},2021/01/25 19:25:48,2020/09/23 23:18:53
28,-74.889164772,41.2341152230001,195812,,DEFAULT,,,,1606235775957,0.1,,PAMACC,,,,,,,,Human,Other Human Cause,,,,2020/10/19 14:29:59,,,,,,,,,EACC,,,,,,Silver Lake is ,,WF,FI,,,,2020/11/24 15:30:00,{496AB68F-1EF8-43D5-9005-C4EBC455F260},,0,,,0,,,,1,002001,1611690640067,,,,Pike,PAMACC,42103,NPS,PADWP,,NPS,Federal,,,,,,,EA23,NPS,PADWP,US-PA,,,,,,2020-PADWP-002001,No Decision,INFORM_Mobile,INFORM_Inspector,,,,,,{8B4D81F9-A38D-48F5-B4BC-5B3ABC3FCE3D},2021/01/26 19:50:40,2020/11/24 16:36:15
31,-100.4836,44.50723,200119,,DEFAULT,,,,1610649884897,734.0,1.0,SDGPC,,,,Active,,,,Unknown,,,NS5Y,,2021/01/14 18:10:00,Type 3 Incident,,0.0,100.0,0.0,0.0,PN,1522.0,RMCC,2021/01/16 21:30:00,2021/01/14 17:45:00,2021/01/16 21:30:00,F,Type 3 Team,Pivot CA,North of Pierre and West of HWY 1804 on 199th St.,WF,FI,44.50723,-100.4836,,,{66CFD964-F8FA-4AB0-B516-DD944D6E984F},,0,1.0,0.0,0,0.0,0.0,0.0,1,210036,1611088386710,100.0,100.0,Pierre,Hughes,SDGPC,46065,,,,Private,Private,,,,,,,RM53,DWF,SDSDS,US-SD,,,Tall Grass (2.5 feet),Brush (2 feet),,2021-SDSDS-210036,No Decision,wildcad,ics209,,,,,,{DACD1C6C-AC76-48E3-8D17-CC1AFE4708E2},2021/01/19 20:33:06,2021/01/14 18:44:44
32,-86.50916670000001,32.137222200000004,200121,,DEFAULT,,,,1610650591007,155.0,,ALAIC,,,,Minimal,,,,Human,,,,,2020/12/27 19:46:00,Type 3 Incident,,0.0,100.0,0.0,0.0,,,SACC,2020/12/27 22:44:59,2020/12/27 19:47:00,2020/12/27 22:44:59,F,Type 3 Team,AL HWY 97/CO RD 37,AL HWY 97/CO RD 37,WF,FI,,,,,{ED517C95-B603-448C-8C59-C7F4BEF542E1},,0,,,0,,,0.0,1,20201227-5,1610650602903,100.0,100.0,LETOHATCHEE,Lowndes,ALAIC,1085,,,,Private,Private,,,,,,,SA39,FC,ALALS,US-AL,,,Short Grass (1 foot),,,2020-ALALS-20201227-5,No Decision,ics209,wfdss,,,,,,{23E89303-8994-474F-9F14-3414504FF504},2021/01/14 18:56:42,2021/01/14 18:56:31
34,-117.186573,33.14756,200148,,DEFAULT,0.1,,,1610657883583,,0.1,CAMVIC,,,,,,,,Unknown,,,NS56,,2021/01/14 20:44:56,,,,,,,,,OSCC,,,,,,COMET,,WF,FI,33.14756,-117.186573,,,{9A80FAC2-E8E4-4B48-BD29-98D513BDA0E5},,0,1.0,0.0,0,1.0,0.0,,1,001026,1611687447737,,,,San Diego,CAMVIC,6073,,,,Private,Private,,,,,,,SC08,CDF,CAMVU,US-CA,,,,,,2021-CAMVU-001026,No Decision,cfcad,INFORM_Inspector,,,,,,{536F6227-2F45-4945-94A3-7F9C5A9D5F90},2021/01/26 18:57:27,2021/01/14 20:58:03
35,-117.190277778,34.1358333330001,200165,,DEFAULT,,,,1610664911293,0.1,,CASBCC,,,,,,,,Unknown,Cause and Origin Not Identified,,NS58,,2021/01/14 18:46:00,,,,,,,,,OSCC,,,,,,CITY CREEK,,WF,FI,,,,,{771CEC8E-B26B-4F16-B768-C7EF266A902A},,0,0.0,0.0,0,0.0,0.0,,1,001071,1611775460977,,,,San Bernardino,CASBCC,6071,,,,Private,Private,,,,,,,SC08,FS,CABDF,US-CA,,,,,,2021-CABDF-001071,No Decision,firecode,INFORM_Inspector,,,,,,{7C8E9082-93D4-4E9A-B908-766FF0095921},2021/01/27 19:24:20,2021/01/14 22:55:11
36,-105.26799999999999,47.341666700000005,200180,,DEFAULT,,,,1610669163727,3202.0,,MTMCC,,,,Active,Running,Spotting,,Human,,,,,2021/01/14 00:55:00,Type 5 Incident,,0.0,100.0,0.0,0.0,,,NRCC,2021/01/14 21:59:59,2021/01/14 00:59:59,2021/01/14 21:59:59,F,Type 5 IC,Great Divide,"13 miles SE of Circle, MT",WF,FI,,,,,{D8AB1F27-C152-4144-B7AE-B9E656614B5F},,0,,,0,,,0.0,1,000004,1610669175833,100.0,100.0,,Dawson,MTMCC,30021,,,,Private,Private,,,,,,,NR15,C&L,MTLG16,US-MT,,,Short Grass (1 foot),,,2021-MTLG16-000004,No Decision,ics209,wfdss,,,,,,{E128847D-F577-466B-BF29-D074A619E2BF},2021/01/15 00:06:15,2021/01/15 00:06:03
37,-118.83888847899999,34.2325864850001,200185,,DEFAULT,,,,1610672516730,28.0,,CAVNCC,,,,,,,,Unknown,Cause and Origin Not Identified,,NS8H,,2021/01/15 00:54:00,,,,,,,,,OSCC,,,,,,ERBES,,WF,FI,,,,,{3596CF8C-A5A4-44FB-90F2-75F7639717C1},,0,1.0,0.0,0,1.0,0.0,,1,004124,1611278930350,,,,Ventura,CAVNCC,6111,,,,State,Other,,,,,,,SC08,C&L,CAVNC,US-CA,,,,,,2021-CAVNC-004124,No Decision,IROC,INFORM_Inspector,,,,,,{47E7594E-A0AD-461B-A072-9CEA699D8D1C},2021/01/22 01:28:50,2021/01/15 01:01:56
38,-101.66277779999999,36.58694439999999,200270,,DEFAULT,,,,1610758772240,404.0,,ARAOC,,,,Minimal,Smoldering,Running,Flanking,Unknown,,,,,2021/01/15 18:14:59,Type 4 Incident,,0.0,100.0,0.0,0.0,,,SWCC,2021/01/17 17:45:00,2021/01/16 21:00:00,2021/01/17 17:45:00,F,Type 4 IC,21 Fire,"2 miles west of Goodwell, OK",WF,FI,,,,,{B140C7B4-51F6-4FC7-91EB-A38CA64E51DC},,0,,,0,,,0.0,1,400001,1610905813020,100.0,100.0,,Texas,ARAOC,40139,,,,Private,Private,,,,,,,SW13,DVF,OKOKS,US-OK,,,Tall Grass (2.5 feet),,4.0,2021-OKOKS-400001,No Decision,ics209,ics209,,,,,,{ED595ACD-66F6-4BC2-BA3B-80E174F88D99},2021/01/17 17:50:13,2021/01/16 00:59:32
39,-102.3431,46.00258,200285,,DEFAULT,,,,1610795750523,20000.0,1.0,NDNDC,,,,Extreme,,,,Human,,,NS7L,,2021/01/14 22:33:00,Type 3 Incident,,0.0,100.0,0.0,0.0,PN,1502.0,NRCC,2021/01/16 00:00:00,2021/01/14 23:29:59,2021/01/16 00:00:00,F,Type 3 IC,Windy,4 Miles Northwest of Lemmon South Dakota,WF,FI,46.00258,-102.3431,20000.0,,{72161559-DB04-4930-A80C-D576230FA0E9},,0,1.0,0.0,0,0.0,0.0,0.0,1,210001,1611073576147,100.0,100.0,Lemmon,Adams,NDNDC,38001,,,,Private,Private,,,,,,,NR16,SFS,NDNDS,US-ND,,,Tall Grass (2.5 feet),Brush (2 feet),112.0,2021-NDNDS-210001,No Decision,wildcad,wildcad,,,,,,{3B14AD4E-3F1D-46B9-8189-9B1DBAE45141},2021/01/19 16:26:16,2021/01/16 11:15:50
41,-90.78944440000001,31.863611100000004,200313,,DEFAULT,,,,1610843087210,108.0,,MSMIC,,,,Active,Wind Driven Runs,Creeping,,Human,,,,,2021/01/15 20:00:00,Type 5 Incident,,25.0,75.0,0.0,0.0,,,SACC,2021/01/16 00:45:00,2021/01/15 20:15:00,2021/01/16 00:45:00,F,Type 5 IC,Abby Rd,Near 1178 Abby Rd,WF,FI,,,,,{0190B1DF-A6EC-420B-B54D-61119860470C},,0,,,0,,,0.0,1,007818,1610843397610,100.0,100.0,,Claiborne,MSMIC,28021,,,,Private,Private,,,,,,,SA22A,FC,MSMSS,US-MS,,,Timber (Grass and Understory),Timber (Litter and Understory),2.0,2021-MSMSS-007818,No Decision,ics209,ics209,,,,,,{755239F8-93FF-4F91-9FE9-3D2AD70F4DC6},2021/01/17 00:29:57,2021/01/17 00:24:47
52,-94.63600000000001,35.643,200451,,DEFAULT,,,,1611022670047,115.0,,ARAOC,,,,Minimal,,,,Human,,,,,2021/01/18 21:45:00,Type 4 Incident,,0.0,100.0,0.0,0.0,,,SACC,2021/01/21 15:30:00,2021/01/20 21:00:00,2021/01/21 15:30:00,F,Type 4 IC,Sonny Gile,"11 Miles South of Stilwell, OK",WF,FI,,,,,{3021AC2C-10FA-4FB2-85AA-6AF693F0DF7C},,0,,,0,,,0.0,1,030007,1611243547270,89.0,100.0,,Adair,ARAOC,40001,,OKCNA,,Tribal,Other,Indian,,,25,34.0,14,SA17A,DVF,OKOKS,US-OK,,,Hardwood Litter,,4.0,2021-OKOKS-030007,No Decision,ics209,ics209,,,,,,{E9E4B180-7C26-4EE1-BB33-62970DC5557F},2021/01/21 15:39:07,2021/01/19 02:17:50
54,-121.83096200000001,36.983739,200529,,DEFAULT,,,,1611075068133,,0.1,CACZCC,,,,,,,,Unknown,,,,,2021/01/19 16:50:59,,,,,,,,,ONCC,,,,,,FREEDOM,,WF,FI,36.983739,-121.83096200000001,,,{6ACCD197-CBA4-4935-A071-CD15C99C7182},,0,,,0,,,,1,000489,1611700057497,,,,Santa Cruz,CACZCC,6087,,,,Private,Private,,,,,,,NC03A,,CACZU,US-CA,,,,,,2021-CACZU-000489,No Decision,cfcad,cfcad,,,,,,{7DD7A42A-4B04-4DC6-AFE9-CD4BC91A55F5},2021/01/26 22:27:37,2021/01/19 16:51:08
55,-122.13085,37.19675,200530,,DEFAULT,,,,1611075223723,,0.1,CACZCC,,,,,,,,Unknown,,,,,2021/01/19 16:53:35,,,,,,,,,ONCC,,,,,,PANTHER RIDGE,,WF,FI,37.19675,-122.13085,,,{F67D8F11-53BD-4712-B956-486D3336B52B},,0,,,0,,,,1,000490,1611700098797,,,,Santa Cruz,CACZCC,6087,,,,Private,Private,,,,,,,NC03B,,CACZU,US-CA,,,,,,2021-CACZU-000490,No Decision,cfcad,cfcad,,,,,,{79FA09FF-5B02-4D09-9BCC-335147FE530F},2021/01/26 22:28:18,2021/01/19 16:53:43
56,-94.8245,34.9393333,200559,,DEFAULT,,,,1611081110250,106.0,,ARAOC,,,,Minimal,Flanking,Backing,,Human,,,,,2021/01/19 15:45:00,Type 4 Incident,,0.0,100.0,0.0,0.0,,,SACC,2021/01/20 15:59:59,2021/01/19 18:00:00,2021/01/20 15:59:59,F,Type 4 IC,Braidwood,"39 miles SW of Ft. Smith, Arkansas",WF,FI,,,,,{E3990435-522C-4268-A021-2479E0B5772A},,0,,,0,,,0.0,1,200006,1611158731920,100.0,100.0,,Le Flore,ARAOC,40079,DVF,OKOKS,,State,Other,Indian,,,23E,36.0,6N,SA17A,DVF,OKOKS,US-OK,,,Hardwood Litter,,2.0,2021-OKOKS-200006,No Decision,ics209,ics209,,,,,,{C99EAF6F-84CC-41A0-A880-FC79AB98EB55},2021/01/20 16:05:31,2021/01/19 18:31:50
57,-119.145,34.9922222,200588,,DEFAULT,,,,1611088488847,865.0,,CAKRCC,,,,Minimal,,,,Unknown,,,NTA8,,2021/01/19 19:50:00,Type 4 Incident,,0.0,100.0,0.0,0.0,,,OSCC,2021/01/20 15:00:00,2021/01/19 20:00:00,2021/01/20 15:00:00,F,Type 3 IC,WOLF,WEST OF METTLER,WF,FI,,,,,{7BEC06E6-A083-4ADF-9D19-468CB9E334DB},,0,1.0,0.0,0,0.0,0.0,0.0,1,003139,1611184515930,70.0,100.0,,Kern,CAKRCC,6029,,,,Private,Private,,,,,,,SC09,C&L,CAKRN,US-CA,,,Short Grass (1 foot),,70.0,2021-CAKRN-003139,No Decision,IROC,ics209,,,,,,{58EB2893-B76F-4451-BE8A-F1C751171A9B},2021/01/20 23:15:15,2021/01/19 20:34:48
63,-118.9669333,34.20008060000001,200636,,DEFAULT,0.68,,,1611099345090,0.2,,CAVNCC,,,,,,,,Human,Equipment,,,,2021/01/19 23:34:00,,,,,,,,,OSCC,,,,,,CAMARILLO,,WF,FI,,,,,{3937BB31-3317-4B17-96A7-53E66806C060},,0,,,0,,,,1,216237,1611687902413,,,,Ventura,CAVNCC,6111,,,,State,Other,,,,,,,SC08,C&L,CAVNC,US-CA,,,,,,2021-CAVNC-216237,No Decision,IROC,INFORM_Inspector,,,,,,{8FA5DE56-C790-4835-84C3-7F27620B6934},2021/01/26 19:05:02,2021/01/19 23:35:45
64,-88.7752778,34.728888899999994,200664,,DEFAULT,,,,1611147036880,194.0,,MSMIC,,,,Minimal,Backing,Creeping,,Human,,,,,2021/01/19 22:15:00,Type 5 Incident,,25.0,75.0,0.0,0.0,,,SACC,2021/01/20 05:29:59,2021/01/19 22:30:00,2021/01/20 05:29:59,F,Type 5 IC,Co Rd 545,"551 Co Rd 545 Ripley, Ms",WF,FI,,,,,{BAE411E9-09EF-40ED-A5B1-53FC45865A4A},,0,,,0,,,0.0,1,007915,1611147405923,100.0,100.0,,Tippah,MSMIC,28139,,,,Private,Private,,,,,,,SA23,FC,MSMSS,US-MS,,,Timber (Grass and Understory),,2.0,2021-MSMSS-007915,No Decision,ics209,ics209,,,,,,{947BB38C-849F-439A-86E9-8F94047DC5B1},2021/01/20 12:56:45,2021/01/20 12:50:36
66,-83.07777779999999,32.6055556,200691,,DEFAULT,,,,1611164153397,10.0,,GAGIC,,,,Active,Flanking,,,Human,,,,,2021/01/19 20:29:59,Type 5 Incident,,0.0,100.0,0.0,0.0,,,SACC,2021/01/20 17:00:00,2021/01/19 20:29:59,2021/01/20 17:00:00,F,Type 5 IC,Old Macon Road,3 miles Northeast of Montrose,WF,FI,,,,,{B37DDA34-44B8-48AB-A3B8-7FFC44CB4F7F},,0,,,0,,,0.0,1,072001,1611164226330,100.0,100.0,"Montrose, GA",Laurens,GAGIC,13175,,,,Private,Private,,,,,,,SA42,FC,GAGAS,US-GA,,,Short Grass (1 foot),,1.0,2021-GAGAS-072001,No Decision,ics209,wfdss,,,,,,{992A8847-94CF-41B7-B154-FB63D555FA4A},2021/01/20 17:37:06,2021/01/20 17:35:53
67,-107.951715,45.993154,200745,,DEFAULT,,,,1611181242760,13.0,13.0,MTBDC,,,,,,,,Unknown,Cause and Origin Not Identified,,NTC4,,2020/08/07 19:24:14,,,,,,,,,NRCC,,,,,,MM 26 I94,,WF,FI,,,,,{ADB60E5D-9A2B-43BC-A050-B34472D3FC6C},,0,,,0,,,,1,030807,1611181287580,,,,Yellowstone,MTBDC,30111,,,,Private,Private,,,,,,,NR14,C&L,MTLG03,US-MT,,,,,,2020-MTLG03-030807,No Decision,INFORM_Inspector,firecode,,,,,,{BCF42D8F-8A02-4BD1-9999-C6C2C3DF3BB6},2021/01/20 22:21:27,2021/01/20 22:20:42
69,-89.69555559999999,30.663055600000003,200808,,DEFAULT,,,,1611263370377,104.0,,MSMIC,,,,Active,Running,Creeping,,Human,,,,,2021/01/19 18:00:00,Type 5 Incident,,25.0,75.0,0.0,0.0,,,SACC,2021/01/20 00:30:00,2021/01/19 18:30:00,2021/01/20 00:30:00,F,Type 5 IC,Burge Rd,52 Don Burge Rd,WF,FI,,,,,{8F548BEE-3FAF-4392-8EAD-4EC64E7E7073},,0,,,0,,,0.0,1,007907,1611265098903,100.0,100.0,,Pearl River,MSMIC,28109,,,,Private,Private,,,,,,,SA22A,FC,MSMSS,US-MS,,,Timber (Grass and Understory),Southern Rough,2.0,2021-MSMSS-007907,No Decision,ics209,ics209,,,,,,{D29339C7-A3DA-4523-9410-F6A2867034C9},2021/01/21 21:38:18,2021/01/21 21:09:30
74,-81.81177,29.08083,200849,,DEFAULT,,,,1611288789610,133.0,1.0,FLFIC,,,,,,,,Human,,,NTF5,,2021/01/22 01:15:00,,,,,,,P8,805.0,SACC,,,,,,Long Pond,,WF,FI,29.097379999999998,-81.81277,,,{C604B5F1-29C9-4916-B58D-3AA4F8871DC4},,0,0.0,0.0,0,0.0,0.0,,1,000063,1611346874813,,,,Marion,FLFIC,12083,FS,FLFNF,,USFS,Federal,,,,,,,SA48,FS,FLFNF,US-FL,,,,,,2021-FLFNF-000063,No Decision,wildcad,wildcad,,,,,,{A84EE58F-0DC7-4F7D-9061-24AF0F2A8DB8},2021/01/22 20:21:14,2021/01/22 04:13:09
78,-104.1858,46.556000000000004,200881,,DEFAULT,,,,1611349641140,214.6,214.0,MTMCC,,,,,,,,Unknown,,,,,2021/01/04 20:28:00,,,,,,,,,NRCC,,,,,,Wenz - Fallon,,WF,FI,46.556000000000004,-104.1858,,,{60D313FF-2F1B-4367-B7BE-BF24E49FA6CF},,0,0.0,0.0,0,0.0,0.0,,1,000008,1611349687377,,,,Fallon,MTMCC,30025,,,,Private,Private,,,,,,,NR16,C&L,MTLG39,US-MT,,,,,,2021-MTLG39-000008,No Decision,wildcad,wfdss,,,,,,{19DF1CBB-3A13-4A96-A4EB-0B61C3580C57},2021/01/22 21:08:07,2021/01/22 21:07:21
82,-96.37347,35.18704,200950,,DEFAULT,,,,1611499819393,17.6,1.0,ARAOC,,,,,,,,Unknown,,,NTJ1,,2021/01/23 21:00:00,,,,,,,PA,1522.0,SACC,,,,,,PACO 2,,WF,FI,35.18704,-96.37347,10.0,,{8F2FD43E-7D80-4A81-A994-76281C43807F},,0,1.0,0.0,0,0.0,0.0,,1,000131,1611507707003,,,,Hughes,ARAOC,40063,,,,Private,Private,,,,,,,SA17A,BIA,OKOMA,US-OK,,,,,,2021-OKOMA-000131,No Decision,wildcad,wildcad,,,,,,{CCD29634-D333-4F90-8DAA-3470B043746E},2021/01/24 17:01:47,2021/01/24 14:50:19
83,-97.20381,34.6755,200972,,DEFAULT,,,,1611586105790,0.1,1.0,ARAOC,,,,,,,,Human,,,NTJ7,,2021/01/24 22:30:00,,,,,,,PA,1522.0,SACC,,,,,,TRASH CREEK,,WF,FI,34.6755,-97.20381,0.1,,{2FB9B293-5BDF-475D-B861-B8FFEC43147F},,0,1.0,0.0,0,0.0,0.0,,1,000133,1611612787083,,,,Garvin,ARAOC,40049,,,,Private,Private,,,,,,,SA03,BIA,OKCHA,US-OK,,,,,,2021-OKCHA-000133,No Decision,wildcad,wildcad,,,,,,{EE728213-15BD-4146-8AE6-773578A66FCD},2021/01/25 22:13:07,2021/01/25 14:48:25
84,-118.3705,33.96583,200973,,DEFAULT,,,,1611586733627,,0.1,CALACC,,,,,,,,Unknown,,,,,2021/01/25 14:45:18,,,,,,,,,OSCC,,,,,,LAC-029601,,WF,FI,33.9553,-118.3693,,,{7F23C3FE-A7B0-4B58-B2F9-DD0AE0DF4DB2},,0,,,0,,,,1,029601,1611587474813,,,,Los Angeles,CALACC,6037,,,,Private,Private,,,,,,,SC08,C&L,CALAC,US-CA,,,,,,2021-CALAC-029601,No Decision,lacocad,lacocad,,,,,,{7F884445-789E-42A8-A0F4-71D1A011C2A8},2021/01/25 15:11:14,2021/01/25 14:58:53
85,-113.01972222200001,48.5533333330001,200974,,DEFAULT,,,,1611587839577,,,MTBFAC,,,,,,,,,,,NTJ8,,2021/01/17 02:00:00,,,,,,,,,NRCC,,,,,,711,,WF,FI,,,,,{23B53876-C479-462B-ADB0-60EA2348C2C1},,0,0.0,0.0,0,1.0,0.0,,1,000003,1611587868797,,,,Glacier,MTBFAC,30035,,MTBFT,,Tribal,Other,,,,,,,NR10,BIA,MTBFA,US-MT,,,,,,2021-MTBFA-000003,No Decision,firecode,wfdss,,,,,,{FF491B8C-E07D-49D9-BDFB-35B61C4EB9B0},2021/01/25 15:17:48,2021/01/25 15:17:19
86,-112.358888889,48.4811111110001,200975,,DEFAULT,,,,1611587935903,,,MTBFAC,,,,,,,,,,,NTJ9,,2021/01/15 17:29:59,,,,,,,,,NRCC,,,,,,COUNTY LINE,,WF,FI,,,,,{CBBA806C-0C06-4E08-8D5C-B31913EB2C82},,0,0.0,0.0,0,1.0,0.0,,1,000004,1611587994253,,,,Pondera,MTBFAC,30073,,MTBFT,,Tribal,Other,,,,,,,NR10,BIA,MTBFA,US-MT,,,,,,2021-MTBFA-000004,No Decision,firecode,wfdss,,,,,,{E437F22E-5373-4F89-84A7-CA3396FC306B},2021/01/25 15:19:54,2021/01/25 15:18:55
87,-112.83083333299999,48.2919444440001,200976,,DEFAULT,,,,1611588057417,,,MTBFAC,,,,,,,,,,,NTK0,,2021/01/20 02:29:59,,,,,,,,,NRCC,,,,,,SKUNK,,WF,FI,,,,,{905F4820-8C0B-4D1A-9F2C-DAA60C024D83},,0,0.0,0.0,0,1.0,0.0,,1,000005,1611588105687,,,,Pondera,MTBFAC,30073,,MTBFT,,Tribal,Other,,,,,,,NR10,BIA,MTBFA,US-MT,,,,,,2021-MTBFA-000005,No Decision,firecode,wfdss,,,,,,{593ACDE7-011C-42DD-B61C-AA23A44EDB90},2021/01/25 15:21:45,2021/01/25 15:20:57
88,-118.08273999999999,34.5801,200979,,DEFAULT,,,,1611590321940,,0.1,CALACC,,,,,,,,Unknown,,,,,2021/01/25 15:53:45,,,,,,,,,OSCC,,,,,,LAC-029639,,WF,FI,34.5801,-118.08273999999999,,,{03BF08CF-5607-46AA-AA57-B7BCCFDE08E2},,0,,,0,,,,1,029639,1611590330963,,,,Los Angeles,CALACC,6037,,,,Private,Private,,,,,,,SC15,C&L,CALAC,US-CA,,,,,,2021-CALAC-029639,No Decision,lacocad,wfdss,,,,,,{90B7FBFF-7A2F-4A50-802E-4CFD86432721},2021/01/25 15:58:50,2021/01/25 15:58:41
89,-106.99816670000001,45.46080560000001,200983,,DEFAULT,,,,1611591578687,,,MTNCAC,,,,,,,,,,,NTK4,,2021/01/25 04:17:00,,,,,,,,,NRCC,,,,,,Thompson,,WF,FI,,,,,{95144FD7-5264-41C2-A8CF-2618E5859795},,0,,,0,,,,1,210002,1611591761540,,,,Big Horn,MTMCC,30003,,MTNCT,,Tribal,Other,,,,,,,NR14,BIA,MTNCA,US-MT,,,,,,2021-MTNCA-210002,No Decision,IROC,firecode,,,,,,{A02E88B3-1401-40BF-B309-9336CFA05E29},2021/01/25 16:22:41,2021/01/25 16:19:38
92,-102.58527777799999,47.6627777780001,200993,,DEFAULT,,,,1611601560303,,,NDNDC,,,,,,,,,,,NTK7,,2021/01/18 00:00:00,,,,,,,,,NRCC,,,,,,OLD BULL,,WF,FI,,,,,{DF41FD2D-DC2E-4BC7-9AC9-CE17BB7B01D3},,0,0.0,0.0,0,0.0,0.0,,1,000004,1611601572743,,,,Dunn,NDNDC,38025,BIA,NDFBA,,BIA,Federal,,,,,,,NR16,BIA,NDFBA,US-ND,,,,,,2021-NDFBA-000004,No Decision,firecode,wfdss,,,,,,{1B576E57-8CC7-4C54-99CF-FB48AAE8DF52},2021/01/25 19:06:12,2021/01/25 19:06:00
93,-102.4475,47.945555556,200994,,DEFAULT,,,,1611601697720,,,NDNDC,,,,,,,,,,,NTK8,,2021/01/19 00:30:00,,,,,,,,,NRCC,,,,,,FROSTY FIGHT,,WF,FI,,,,,{17450BCE-01D6-4846-861E-5B431C04CC77},,0,0.0,0.0,0,0.0,0.0,,1,000005,1611601726130,,,,Mountrail,NDNDC,38061,BIA,NDFBA,,BIA,Federal,,,,,,,NR15,BIA,NDFBA,US-ND,,,,,,2021-NDFBA-000005,No Decision,firecode,wfdss,,,,,,{754E7A50-C027-4E4A-9478-3CD9237B047F},2021/01/25 19:08:46,2021/01/25 19:08:17
94,-102.49916666700001,47.9861111110001,200995,,DEFAULT,,,,1611603407730,,,NDNDC,,,,,,,,,,,NTK9,,2021/01/12 23:29:59,,,,,,,,,NRCC,,,,,,TRAP,,WF,FI,,,,,{858BCD90-4D7E-4B91-A84A-249F9A863AC6},,0,0.0,0.0,0,0.0,0.0,,1,000006,1611603467223,,,,Mountrail,NDNDC,38061,BIA,NDFBA,,BIA,Federal,,,,,,,NR15,BIA,NDFBA,US-ND,,,,,,2021-NDFBA-000006,No Decision,firecode,wfdss,,,,,,{4F59A56B-D7AA-438D-874F-BF20954BA099},2021/01/25 19:37:47,2021/01/25 19:36:47
95,-118.14771,34.66033,200998,,DEFAULT,,,,1611610131030,,0.1,CALACC,,,,,,,,Unknown,,,,,2021/01/25 21:23:05,,,,,,,,,OSCC,,,,,,LAC-029975,,WF,FI,34.66033,-118.14771,,,{988ED492-CD0C-44A9-90EE-C27C4850A45E},,0,,,0,,,,1,029975,1611610143563,,,,Los Angeles,CALACC,6037,,,,Private,Private,,,,,,,SC15,C&L,CALAC,US-CA,,,,,,2021-CALAC-029975,No Decision,lacocad,wfdss,,,,,,{FBA3520C-FB61-45DA-9E79-4C8D070F63BB},2021/01/25 21:29:03,2021/01/25 21:28:51
96,-118.11883999999999,34.58412,200999,,DEFAULT,,,,1611612281223,,0.1,CALACC,,,,,,,,Unknown,,,,,2021/01/25 21:59:19,,,,,,,,,OSCC,,,,,,LAC-030015,,WF,FI,34.58412,-118.11883999999999,,,{EA35C643-4636-4977-97BB-F63CBA8F01F8},,0,,,0,,,,1,030015,1611612292263,,,,Los Angeles,CALACC,6037,,,,Private,Private,,,,,,,SC15,C&L,CALAC,US-CA,,,,,,2021-CALAC-030015,No Decision,lacocad,wfdss,,,,,,{FACBDEA0-5543-4106-987F-204D89E793AF},2021/01/25 22:04:52,2021/01/25 22:04:41
97,-118.11941999999999,34.58719,201001,,DEFAULT,,,,1611614802753,,0.1,CALACC,,,,,,,,Unknown,,,,,2021/01/25 22:41:13,,,,,,,,,OSCC,,,,,,LAC-030066,,WF,FI,34.58719,-118.11941999999999,,,{A385DDC5-D621-473E-A84A-55E65C7AB931},,0,,,0,,,,1,030066,1611614838437,,,,Los Angeles,CALACC,6037,,,,Private,Private,,,,,,,SC15,C&L,CALAC,US-CA,,,,,,2021-CALAC-030066,No Decision,lacocad,wfdss,,,,,,{514D70D6-2018-4674-A446-DE74F04F7E52},2021/01/25 22:47:18,2021/01/25 22:46:42
98,-123.0018,44.184,201002,,DEFAULT,,,,1611615659967,0.1,1.0,OREIC,,,,,,,,Human,Camping,,NTL1,,2020/07/07 23:31:00,,,,,,,PD,1502.0,NWCC,,,,,,NFCA Overlook 1,,WF,FI,44.182990000000004,-123.0052,,2020/07/08 00:01:00,{674E497D-319D-4A4A-96BD-1F6819E3363A},,0,0.0,0.0,0,0.0,1.0,,1,200138,1611779670713,,,,Lane,OREIC,41039,BLM,ORNOD,,BLM,Federal,,,,,,,NW03,BLM,ORNOD,US-OR,Timber,TU5,,,,2020-ORNOD-200138,No Decision,wildcad,wildcad,,,,,,{77795880-F807-43DB-A1FD-E82A0FB47E52},2021/01/27 20:34:30,2021/01/25 23:00:59
99,-123.0017,44.18415,201003,,DEFAULT,,,,1611615671250,0.1,1.0,OREIC,,,,,,,,Human,Camping,,NTL2,,2020/07/07 23:35:59,,,,,,,,,NWCC,,,,,,NFCA Overlook 2,,WF,FI,44.1841,-123.0019,,2020/07/08 00:04:59,{8945C04C-248C-43FA-962D-548AF4B0BB3C},,0,0.0,0.0,0,0.0,1.0,,1,200139,1611779712917,,,,Lane,OREIC,41039,BLM,ORNOD,,BLM,Federal,,,,,,,NW03,BLM,ORNOD,US-OR,Timber,TL5,,,,2020-ORNOD-200139,No Decision,wildcad,wildcad,,,,,,{F383E631-9CD7-4D9D-B25F-630091EE58FA},2021/01/27 20:35:12,2021/01/25 23:01:11
100,-118.37051000000001,33.963390000000004,201007,,DEFAULT,,,,1611622122480,,0.1,CALACC,,,,,,,,Unknown,,,,,2021/01/26 00:43:54,,,,,,,,,OSCC,,,,,,LAC-030224,,WF,FI,33.963390000000004,-118.37051000000001,,,{A03AD585-D968-4B5E-8C60-D24D5D867F11},,0,,,0,,,,1,030224,1611622161283,,,,Los Angeles,CALACC,6037,,,,Private,Private,,,,,,,SC08,C&L,CALAC,US-CA,,,,,,2021-CALAC-030224,No Decision,lacocad,wfdss,,,,,,{F1A7236F-7DA3-4E0D-A0B7-091A63AA2A53},2021/01/26 00:49:21,2021/01/26 00:48:42
101,-118.13108000000001,34.66447,201012,,DEFAULT,,,,1611653219030,,0.1,CALACC,,,,,,,,Unknown,,,,,2021/01/26 09:22:02,,,,,,,,,OSCC,,,,,,LAC-030586,,WF,FI,34.66447,-118.13108000000001,,,{A515DF74-A215-49BF-89AE-61C3C676FD7A},,0,,,0,,,,1,030586,1611653310947,,,,Los Angeles,CALACC,6037,,,,Private,Private,,,,,,,SC15,C&L,CALAC,US-CA,,,,,,2021-CALAC-030586,No Decision,lacocad,wfdss,,,,,,{41FEF79F-65AA-4C66-95F4-1133706E736E},2021/01/26 09:28:30,2021/01/26 09:26:59
102,-118.3526,33.93377,201013,,DEFAULT,,,,1611654170187,,0.1,CALACC,,,,,,,,Unknown,,,,,2021/01/26 09:37:13,,,,,,,,,OSCC,,,,,,LAC-030597,,WF,FI,33.93377,-118.3526,,,{BEAB3A1A-5B60-4596-A117-148E74099B53},,0,,,0,,,,1,030597,1611654197893,,,,Los Angeles,CALACC,6037,,,,Private,Private,,,,,,,SC08,C&L,CALAC,US-CA,,,,,,2021-CALAC-030597,No Decision,lacocad,wfdss,,,,,,{7D8ACC3D-DE3B-4675-B834-273512D79BD3},2021/01/26 09:43:17,2021/01/26 09:42:50
103,-118.1727,34.02365,201014,,DEFAULT,,,,1611667848820,,0.1,CALACC,,,,,,,,Unknown,,,,,2021/01/26 13:25:16,,,,,,,,,OSCC,,,,,,LAC-030700,,WF,FI,34.02365,-118.1727,,,{858D7F38-AC78-4DE5-9B8D-53E175131C65},,0,,,0,,,,1,030700,1611667902253,,,,Los Angeles,CALACC,6037,,,,Private,Private,,,,,,,SC08,C&L,CALAC,US-CA,,,,,,2021-CALAC-030700,No Decision,lacocad,wfdss,,,,,,{F5A41BEB-2240-4F67-AC8F-7C3691DDF73A},2021/01/26 13:31:42,2021/01/26 13:30:48
106,-92.8822222,34.5625,201018,,DEFAULT,,,,1611680273013,134.0,,ARAOC,,,,Minimal,,,,Human,,,,,2021/01/15 18:59:59,Type 5 Incident,,0.0,100.0,0.0,0.0,,,SACC,2021/01/16 00:30:00,2021/01/15 18:59:59,2021/01/16 00:30:00,F,Type 5 IC,Cedar Creek,"5 miles South of Hot Springs Village, AR",WF,FI,,,,,{5D36D719-09E8-4166-A35B-384167FE931D},,0,,,0,,,0.0,1,0006D5,1611680312840,100.0,100.0,,Garland,ARAOC,5051,,,,Private,Private,,,,,,,SA17B,PRI,ARPRI,US-AR,,,Timber (Grass and Understory),,16.0,2021-ARPRI-0006D5,No Decision,ics209,wfdss,,,,,,{84357581-1393-4AA8-A37E-DE2D714ECAAF},2021/01/26 16:58:32,2021/01/26 16:57:53
107,-92.13722220000001,34.981944399999996,201019,,DEFAULT,,,,1611681096670,7.0,,ARAOC,,,,Minimal,,,,Human,,,,,2021/01/18 21:14:59,Type 5 Incident,,0.0,100.0,0.0,0.0,,,SACC,2021/01/18 22:44:59,2021/01/18 21:14:59,2021/01/18 22:44:59,F,Type 5 IC,Backbone Ridge,"4.45 Miles North of Jacksonville, AR",WF,FI,,,,,{D61DE4F9-E3DA-4C45-B6CF-B94C0EFD6D6A},,0,,,0,,,0.0,1,0012D7,1611681119247,100.0,100.0,,Pulaski,ARAOC,5119,,,,Private,Private,,,,,,,SA18,PRI,ARPRI,US-AR,,,Timber (Grass and Understory),,14.0,2021-ARPRI-0012D7,No Decision,ics209,wfdss,,,,,,{9CEF42D7-616A-446F-8CFD-D5C31A64C6BE},2021/01/26 17:11:59,2021/01/26 17:11:36
113,-105.6546,45.4926,201026,,DEFAULT,,,,1611683742413,0.4,0.4,MTMCC,,,,,,,,Unknown,,,,,2021/01/21 00:14:59,,,,,,,,,NRCC,,,,,,Epsie - Powder River,,WF,FI,45.4926,-105.6546,,,{98614612-9436-4824-BE3C-B6387399A723},,0,0.0,0.0,0,0.0,0.0,,1,000009,1611683763310,,,,Powder River,MTMCC,30075,,,,Private,Private,,,,,,,NR14,C&L,MTLG09,US-MT,,,,,,2021-MTLG09-000009,No Decision,wildcad,wfdss,,,,,,{2F4EA44B-2CE9-463A-9693-48E1106EBBCF},2021/01/26 17:56:03,2021/01/26 17:55:42
116,-118.10477,33.90207,201036,,DEFAULT,,,,1611699283310,,0.1,CALACC,,,,,,,,Unknown,,,,,2021/01/26 22:09:20,,,,,,,,,OSCC,,,,,,LAC-031149,,WF,FI,33.90207,-118.10477,,,{433EABD7-A998-4E62-B1FD-004946BC6D0E},,0,,,0,,,,1,031149,1611699337327,,,,Los Angeles,CALACC,6037,,,,Private,Private,,,,,,,SC08,C&L,CALAC,US-CA,,,,,,2021-CALAC-031149,No Decision,lacocad,wfdss,,,,,,{7573243E-B9EB-494A-A0F4-921C106B065B},2021/01/26 22:15:37,2021/01/26 22:14:43
117,-118.13354,34.57692,201037,,DEFAULT,,,,1611700843130,,0.1,CALACC,,,,,,,,Unknown,,,,,2021/01/26 22:35:26,,,,,,,,,OSCC,,,,,,LAC-031178,,WF,FI,34.57692,-118.13354,,,{26FCBE10-ECA2-4D70-BBA8-D62B83B21BCF},,0,,,0,,,,1,031178,1611700925540,,,,Los Angeles,CALACC,6037,,,,Private,Private,,,,,,,SC15,C&L,CALAC,US-CA,,,,,,2021-CALAC-031178,No Decision,lacocad,wfdss,,,,,,{8BD18CD7-70EF-4592-99F0-15A60E2DB540},2021/01/26 22:42:05,2021/01/26 22:40:43
119,-117.40872399999999,33.884178999999996,201042,,DEFAULT,,,,1611709448057,,0.1,CARRCC,,,,,,,,Unknown,,,,,2021/01/27 01:04:00,,,,,,,,,OSCC,,,,,,OAKLEY DR / MAULDIN LN,,WF,FI,33.884178999999996,-117.40872399999999,,,{0821163D-F530-4AC1-ABA7-713EA1BFD0BA},,0,,,0,,,,1,013516,1611709505833,,,,Riverside,CARRCC,6065,,,,Private,Private,,,,,,,SC08,CDF,CARRU,US-CA,,,,,,2021-CARRU-013516,No Decision,cfcad,cfcad,,,,,,{86392E83-A860-4766-A01F-D4B078955EF8},2021/01/27 01:05:05,2021/01/27 01:04:08
120,-118.3597,33.93238,201045,,DEFAULT,,,,1611719562530,,0.1,CALACC,,,,,,,,Unknown,,,,,2021/01/27 03:47:53,,,,,,,,,OSCC,,,,,,LAC-031486,,WF,FI,33.93238,-118.3597,,,{A2D3D8DB-3A2F-4C40-AFEA-421CE8553789},,0,,,0,,,,1,031486,1611719605317,,,,Los Angeles,CALACC,6037,,,,Private,Private,,,,,,,SC08,C&L,CALAC,US-CA,,,,,,2021-CALAC-031486,No Decision,lacocad,wfdss,,,,,,{26B1199F-C1AE-4AFA-8525-15FE033DDB29},2021/01/27 03:53:25,2021/01/27 03:52:42
121,-118.3683,33.94543,201046,,DEFAULT,,,,1611734203040,,0.1,CALACC,,,,,,,,Unknown,,,,,2021/01/27 07:51:55,,,,,,,,,OSCC,,,,,,LAC-031649,,WF,FI,33.94543,-118.3683,,,{3F8FC921-BAAD-4B58-A020-81816B46E22D},,0,,,0,,,,1,031649,1611734229807,,,,Los Angeles,CALACC,6037,,,,Private,Private,,,,,,,SC08,C&L,CALAC,US-CA,,,,,,2021-CALAC-031649,No Decision,lacocad,wfdss,,,,,,{BB4B8619-666A-4F9A-8A82-89D36161F6D8},2021/01/27 07:57:09,2021/01/27 07:56:43
122,-118.17483999999999,34.68931,201047,,DEFAULT,,,,1611739848067,,0.1,CALACC,,,,,,,,Unknown,,,,,2021/01/27 09:26:01,,,,,,,,,OSCC,,,,,,LAC-031682,,WF,FI,34.68932,-118.17268,,,{D004A033-542A-4297-B2CE-36477B5AF1EA},,0,,,0,,,,1,031682,1611739959720,,,,Los Angeles,CALACC,6037,,,,Private,Private,,,,,,,SC15,C&L,CALAC,US-CA,,,,,,2021-CALAC-031682,No Decision,lacocad,lacocad,,,,,,{17B9111F-8321-46F2-BE17-F621DA584198},2021/01/27 09:32:39,2021/01/27 09:30:48
128,-118.14285,34.60174,201060,,DEFAULT,,,,1611776323670,,0.1,CALACC,,,,,,,,Unknown,,,,,2021/01/27 19:33:56,,,,,,,,,OSCC,,,,,,LAC-032031,,WF,FI,34.587109999999996,-118.12971,,,{2851DCD5-7231-4A41-BE41-78016E4AB0EB},,0,,,0,,,,1,032031,1611776439737,,,,Los Angeles,CALACC,6037,,,,Private,Private,,,,,,,SC15,C&L,CALAC,US-CA,,,,,,2021-CALAC-032031,No Decision,lacocad,lacocad,,,,,,{C6B45FDC-2630-4285-B501-8CACF01F25CE},2021/01/27 19:40:39,2021/01/27 19:38:43
131,-108.710555556,47.9988888890001,201077,,DEFAULT,,,,1611793545720,,,MTFBAC,,,,,,,,,,,NTM6,,2021/01/27 22:05:00,,,,,,,,,NRCC,,,,,,LIL PEOPLE,,WF,FI,,,,,{6878D14B-7E86-44B2-AB11-4C83E204234E},,0,0.0,0.0,0,1.0,0.0,,1,000003,1611793574337,,,,Blaine,MTFBAC,30005,BIA,MTFBA,,BIA,Federal,,,,,,,NR13,BIA,MTFBA,US-MT,,,,,,2021-MTFBA-000003,No Decision,firecode,wfdss,,,,,,{1FA6079A-CA53-4392-9C64-42A66DABE91B},2021/01/28 00:26:14,2021/01/28 00:25:45
132,-118.13085,34.72948,201081,,DEFAULT,,,,1611816283523,,0.1,CALACC,,,,,,,,Unknown,,,,,2021/01/28 06:40:26,,,,,,,,,OSCC,,,,,,LAC-032676,,WF,FI,34.72948,-118.13085,,,{AB440694-D2D7-4773-9A8B-393EB895080E},,0,,,0,,,,1,032676,1611816311187,,,,Los Angeles,CALACC,6037,,,,Private,Private,,,,,,,SC15,C&L,CALAC,US-CA,,,,,,2021-CALAC-032676,No Decision,lacocad,wfdss,,,,,,{7D5E344A-09F2-4EA9-B8D1-D6E8FF910404},2021/01/28 06:45:11,2021/01/28 06:44:43
133,-118.09458000000001,34.68436,201082,,DEFAULT,,,,1611822178287,,0.1,CALACC,,,,,,,,Unknown,,,,,2021/01/28 08:17:33,,,,,,,,,OSCC,,,,,,LAC-032738,,WF,FI,34.68436,-118.09458000000001,,,{24D25ED1-431E-4B56-8BA9-CE0DADA19B52},,0,,,0,,,,1,032738,1611822214537,,,,Los Angeles,CALACC,6037,,,,Private,Private,,,,,,,SC15,C&L,CALAC,US-CA,,,,,,2021-CALAC-032738,No Decision,lacocad,wfdss,,,,,,{CC5B90BD-F577-40B3-9A94-1794CF4F3D62},2021/01/28 08:23:34,2021/01/28 08:22:58
